,loss,accuracy,val_loss,val_accuracy,lr
0,6.687777996063232,0.26237624883651733,1.4563053846359253,0.25,0.001
1,1.5334064960479736,0.2740384638309479,1.383649468421936,0.3375000059604645,0.001
2,1.5028798580169678,0.3413461446762085,1.3916780948638916,0.2874999940395355,0.001
